"scope","document_id","filename","source_url","bytes","sha256"
"technical-release","OMA-WAP-201_003-WTP-SIN","OMA-WAP-201_003-WTP-SIN-20020904-a.PDF","https://www.openmobilealliance.org/tech/affiliates/wap/OMA-WAP-201_003-WTP-SIN-20020904-a.PDF",32896,"d5e962f4ffd3f2fd70703ddbad1ea94f22d2f69956a8185d34e41a6502b52adc"
"technical-release","WAP-100-WAPArch","WAP-100-WAPArch-19980430-a.pdf","https://www.openmobilealliance.org/tech/affiliates/wap/WAP-100-WAPArch-19980430-a.pdf",123506,"22b07da0456889db0dea58d06b0b8d59165421f49a1cdf336aea9abdd6420712"
"technical-release","WAP-120-WAPCachingMod","WAP-120-WAPCachingMod-20010413-a.pdf","https://www.openmobilealliance.org/tech/affiliates/wap/WAP-120-WAPCachingMod-20010413-a.pdf",198194,"8aeacd0a36676d2b22c7ebee211f327049b712ca1ba0dc20faac7af24a9a17ee"
"technical-release","WAP-145_101-PushMessage","WAP-145_101-PushMessage-20010614-a.pdf","https://www.openmobilealliance.org/tech/affiliates/wap/WAP-145_101-PushMessage-20010614-a.pdf",29839,"cf936b53eecb0a1aaca9bcd488dc4c10bc53b9291bd9aab60356c9bff034ad8d"
"technical-release","WAP-145-PushMessage","WAP-145-PushMessage-19990816-a.pdf","https://www.openmobilealliance.org/tech/affiliates/wap/WAP-145-PushMessage-19990816-a.pdf",56410,"6bc284c1211673ec60a3872f1db0c00dc2730fad093dd9b58a23e6c838b6f07f"
"technical-release","WAP-151_100-PPGService","WAP-151_100-PPGService-20000218-a.pdf","https://www.openmobilealliance.org/tech/affiliates/wap/WAP-151_100-PPGService-20000218-a.pdf",13964,"3ea7dbf4bc3f55b84cc3fe8f7455931fb477b58d18da33224eaa16f4207dbb3e"
"technical-release","WAP-151_101-PPGService","WAP-151_101-PPGService-20010422-a.pdf","https://www.openmobilealliance.org/tech/affiliates/wap/WAP-151_101-PPGService-20010422-a.pdf",28646,"09d184d0e3debd8dc4db7d43d9cfffb55f201794cb83280fe02a9833b4e47ce9"
"technical-release","WAP-151_102-PPGService","WAP-151_102-PPGService-20010927-a.pdf","https://www.openmobilealliance.org/tech/affiliates/wap/WAP-151_102-PPGService-20010927-a.pdf",41270,"2c1e0c354e96d6d39a53aaee8dd49d199f485ad391ddb97b7b9d3cc6c40e118e"
"technical-release","WAP-151-PPGService","WAP-151-PPGService-19990816-a.pdf","https://www.openmobilealliance.org/tech/affiliates/wap/WAP-151-PPGService-19990816-a.pdf",93706,"c8c9254340745fedf70ec497489e7e5dcf7658d1a5d822b0079e4c07725ff837"
"technical-release","WAP-159-WDPWCMPAdapt","WAP-159-WDPWCMPAdapt-20010713-a.pdf","https://www.openmobilealliance.org/tech/affiliates/wap/WAP-159-WDPWCMPAdapt-20010713-a.pdf",94211,"dbce0885ef85163751679bfb4fe7e28df3e95cbd45a713babe597a44a18ad7a0"
"technical-release","WAP-161_101-WMLScriptCrypto","WAP-161_101-WMLScriptCrypto-20010730-a.pdf","https://www.openmobilealliance.org/tech/affiliates/wap/WAP-161_101-WMLScriptCrypto-20010730-a.pdf",32515,"894d3efd1859887160e908fa5459fbc3f44a3b56c9dba57783429a5223b8d0be"
"technical-release","WAP-161-WMLScriptCrypto","WAP-161-WMLScriptCrypto-20010620-a.pdf","https://www.openmobilealliance.org/tech/affiliates/wap/WAP-161-WMLScriptCrypto-20010620-a.pdf",50603,"cb22101c9237a57022805c1ea6c1aa4e349e227bcbc634fb5e77249736458455"
"technical-release","WAP-164_100-PAP","WAP-164_100-PAP-20000218-a.pdf","https://www.openmobilealliance.org/tech/affiliates/wap/WAP-164_100-PAP-20000218-a.pdf",42325,"9a90d8b6e8c3740cb7f34c77bd3c3bd067b26a627cdbd45788022d5ee5571463"
"technical-release","WAP-164_101-PAP","WAP-164_101-PAP-20010420-a.pdf","https://www.openmobilealliance.org/tech/affiliates/wap/WAP-164_101-PAP-20010420-a.pdf",27164,"93a98822e3e0fbee172aab9f998469024b239cac9f5f1497dd6ff11531d766e8"
"technical-release","WAP-164_102-PAP","WAP-164_102-PAP-20010731-a.pdf","https://www.openmobilealliance.org/tech/affiliates/wap/WAP-164_102-PAP-20010731-a.pdf",40446,"7fdd3c208174c5990afe58874973e8b435b2f37beb33c9d63193dd3f41cb5736"
"technical-release","WAP-164-PAP","WAP-164-PAP-19991108-a.pdf","https://www.openmobilealliance.org/tech/affiliates/wap/WAP-164-PAP-19991108-a.pdf",231000,"e86d1bf47ad52bc3309f00d586feb792f36ad720b37997a42b523b019e4e27de"
"technical-release","WAP-165-PushArchOverview","WAP-165-PushArchOverview-19991108-a.pdf","https://www.openmobilealliance.org/tech/affiliates/wap/WAP-165-PushArchOverview-19991108-a.pdf",212297,"f3e4c7d41555f1102ee633b379e30affeee678eada982d4cb8ad3689cabcbbc5"
"technical-release","WAP-167_103-ServiceInd","WAP-167_103-ServiceInd-20010926-a.pdf","https://www.openmobilealliance.org/tech/affiliates/wap/WAP-167_103-ServiceInd-20010926-a.pdf",40952,"f365fb52fedb513e387a6ef4c9f5a16ae5ba70b5280b11fc4537671bcc789c7e"
"technical-release","WAP-167-ServiceInd","WAP-167-ServiceInd-20010731-a.pdf","https://www.openmobilealliance.org/tech/affiliates/wap/WAP-167-ServiceInd-20010731-a.pdf",112765,"2addf05e776101fb5875b3b216e374125deba9b2fbe883578567394f57669f0d"
"technical-release","WAP-168_103-ServiceLoad","WAP-168_103-ServiceLoad-20010816-a.pdf","https://www.openmobilealliance.org/tech/affiliates/wap/WAP-168_103-ServiceLoad-20010816-a.pdf",29452,"eb832f0290514113c3058de11598a435de17ace007b30f4b6df821fffd3e0440"
"technical-release","WAP-168-ServiceLoad","WAP-168-ServiceLoad-20010731-a.pdf","https://www.openmobilealliance.org/tech/affiliates/wap/WAP-168-ServiceLoad-20010731-a.pdf",83537,"5e5d5566f3e46507a367a7a6748f4bacac6f63be6dca9c2b711ba1213973f42c"
"technical-release","WAP-169_101-WTA","WAP-169_101-WTA-20001107-a.pdf","https://www.openmobilealliance.org/tech/affiliates/wap/WAP-169_101-WTA-20001107-a.pdf",40913,"f2a06a06bb5e93dc97663453546a1321f6a96b1dde3957c9fcf9a5803420f98a"
"technical-release","WAP-169_102-WTA","WAP-169_102-WTA-20010206-a.pdf","https://www.openmobilealliance.org/tech/affiliates/wap/WAP-169_102-WTA-20010206-a.pdf",67905,"7d540740792ccadf1d5eb0f95480206a1e41811642ea244d3d195438d078152c"
"technical-release","WAP-169_104-WTA","WAP-169_104-WTA-20010508-a.pdf","https://www.openmobilealliance.org/tech/affiliates/wap/WAP-169_104-WTA-20010508-a.pdf",159914,"c5d909eda81dc53192362af4e598ff6ae8ef51f1e15c710dfe59ed0b0508f600"
"technical-release","WAP-169_105-WTA","WAP-169_105-WTA-20010519-a.pdf","https://www.openmobilealliance.org/tech/affiliates/wap/WAP-169_105-WTA-20010519-a.pdf",54320,"32fec298f2ed2a46c6b4ac049e2ba4c547ddf3cb7861b9b9f3d90334830252c3"
"technical-release","WAP-169-WTA","WAP-169-WTA-20000707-a.pdf","https://www.openmobilealliance.org/tech/affiliates/wap/WAP-169-WTA-20000707-a.pdf",306094,"12ff66ca7a6c15ea6db7965ab951f8ba8ff1b5e6bddb70edc61f6b755375866b"
"technical-release","WAP-170_101-WTAI","WAP-170_101-WTAI-20010206-a.pdf","https://www.openmobilealliance.org/tech/affiliates/wap/WAP-170_101-WTAI-20010206-a.pdf",65748,"ef51092bd4e206d637957b99d644ae623c8b8afca5179c27a20caec80a0a2134"
"technical-release","WAP-170_102-WTAI","WAP-170_102-WTAI-20010226-a.pdf","https://www.openmobilealliance.org/tech/affiliates/wap/WAP-170_102-WTAI-20010226-a.pdf",64100,"7dba0d60c87ce98c0efd813967c94706d55d795c6cf6ae815524d47a7a0b90fe"
"technical-release","WAP-170-WTAI","WAP-170-WTAI-20000707-a.pdf","https://www.openmobilealliance.org/tech/affiliates/wap/WAP-170-WTAI-20000707-a.pdf",239523,"edb994ff45f70e095898f19661fe8de724b456ce629cd4fc4a170cade115dcb0"
"technical-release","WAP-171_101-WTAIGSM","WAP-171_101-WTAIGSM-20010206-a.pdf","https://www.openmobilealliance.org/tech/affiliates/wap/WAP-171_101-WTAIGSM-20010206-a.pdf",28389,"a9d4ae9aa5d390b251d08dba3e22a41a8f920fb23c0390ee11e64668246dc99b"
"technical-release","WAP-171_102-WTAIGSM","WAP-171_102-WTAIGSM-20010213-a.pdf","https://www.openmobilealliance.org/tech/affiliates/wap/WAP-171_102-WTAIGSM-20010213-a.pdf",21688,"02c8f8e8e16a0bf32eed1ec1cd983808a9ec244b624c4926845b0bb3ba0042d4"
"technical-release","WAP-171_103-WTAIGSM","WAP-171_103-WTAIGSM-20010516-a.pdf","https://www.openmobilealliance.org/tech/affiliates/wap/WAP-171_103-WTAIGSM-20010516-a.pdf",52452,"dbf2840b28f620a819831718201221949bd79b6a873c74096b4fd80d4fb8b922"
"technical-release","WAP-171-WTAIGSM","WAP-171-WTAIGSM-20000707-a.pdf","https://www.openmobilealliance.org/tech/affiliates/wap/WAP-171-WTAIGSM-20000707-a.pdf",90336,"b4c609b10f90757f64b19c437ba7750b3fa97ac2139a14813e84eeba56fc01ef"
"technical-release","WAP-172_101-WTAIIS136","WAP-172_101-WTAIIS136-20010206-a.pdf","https://www.openmobilealliance.org/tech/affiliates/wap/WAP-172_101-WTAIIS136-20010206-a.pdf",23169,"8859f4747b1bc73846ccedd1294b8c9b281b0fa590635a06a02cd59f5d8b62e8"
"technical-release","WAP-172-WTAIIS136","WAP-172-WTAIIS136-20000707-a.pdf","https://www.openmobilealliance.org/tech/affiliates/wap/WAP-172-WTAIIS136-20000707-a.pdf",38425,"19734ee2645cdc87eae56d46f5ee3a2e542df7e178f950157d46470cf0ce8df4"
"technical-release","WAP-173_101-WTAIPDC","WAP-173_101-WTAIPDC-20010206-a.pdf","https://www.openmobilealliance.org/tech/affiliates/wap/WAP-173_101-WTAIPDC-20010206-a.pdf",27324,"624ce5cad48fcbeb7d21f2ced0014fba29cfa487d5965a8bd334f5a411db6f5e"
"technical-release","WAP-173_102-WTAIPDC","WAP-173_102-WTAIPDC-20010507-a.pdf","https://www.openmobilealliance.org/tech/affiliates/wap/WAP-173_102-WTAIPDC-20010507-a.pdf",22390,"99bfec4116b2e36b580861597089633fc2c5505fe6d7cf6ecb81ad87ea020ca3"
"technical-release","WAP-173-WTAIPDC","WAP-173-WTAIPDC-20000728-a.pdf","https://www.openmobilealliance.org/tech/affiliates/wap/WAP-173-WTAIPDC-20000728-a.pdf",68795,"c148beba4b7a5098f8b146f7b40f2511838ba232d2749b20daadd75c3e416b6c"
"technical-release","WAP-174_003-UAPROF","WAP-174_003-UAPROF-20010208-a.pdf","https://www.openmobilealliance.org/tech/affiliates/wap/WAP-174_003-UAPROF-20010208-a.pdf",52748,"3655e4ce55ffc3732c2385e5ccb7d2354005ef0004bb0d646146a5f84f181578"
"technical-release","WAP-174_004-UAPROF","WAP-174_004-UAPROF-20010208-a.pdf","https://www.openmobilealliance.org/tech/affiliates/wap/WAP-174_004-UAPROF-20010208-a.pdf",54250,"82b3d4caecb101e7de4a69e6bf7b082299c37c4ede5fd0d7b4899afae96f402d"
"technical-release","WAP-174_006-UAPROF","WAP-174_006-UAPROF-20011002-a.pdf","https://www.openmobilealliance.org/tech/affiliates/wap/WAP-174_006-UAPROF-20011002-a.pdf",65607,"0d5ca596f0fd387434a8ee0b35f8184177c8259c2323603b2c87552c55c055b1"
"technical-release","WAP-174_100-UAProf","WAP-174_100-UAProf-20000621-a.pdf","https://www.openmobilealliance.org/tech/affiliates/wap/WAP-174_100-UAProf-20000621-a.pdf",195527,"34e5df65e1a29e7f4bf1f8a05ee1a00cd6f374b5f7e87f3c653a02707616cd2d"
"technical-release","WAP-174-UAProf","WAP-174-UAProf-19991110-a.pdf","https://www.openmobilealliance.org/tech/affiliates/wap/WAP-174-UAProf-19991110-a.pdf",323743,"25dcf758e485c38066f0693990d596dd6874bf550a7b82ad42a5ca765f2e3011"
"technical-release","WAP-175_102-CacheOp","WAP-175_102-CacheOp-20010816-a.pdf","https://www.openmobilealliance.org/tech/affiliates/wap/WAP-175_102-CacheOp-20010816-a.pdf",29064,"0cff9648815c1c2850a831a3770321901c4348d77ec7ecb1f92923bb0185eb6f"
"technical-release","WAP-175-CacheOp","WAP-175-CacheOp-20010731-a.pdf","https://www.openmobilealliance.org/tech/affiliates/wap/WAP-175-CacheOp-20010731-a.pdf",69563,"98b9772ebffda32be714c18aa992c160d7ea5226179b967faffb0c66860d7c00"
"technical-release","WAP-188-WAPGenFormats","WAP-188-WAPGenFormats-20010710-a.pdf","https://www.openmobilealliance.org/tech/affiliates/wap/WAP-188-WAPGenFormats-20010710-a.pdf",25210,"a36aadcd2294fbb363fcd5b141614f8bd5861193c6efe9f2c29e6422ba176810"
"technical-release","WAP-189_100-PushOTA","WAP-189_100-PushOTA-20001211-a.pdf","https://www.openmobilealliance.org/tech/affiliates/wap/WAP-189_100-PushOTA-20001211-a.pdf",27295,"6049c87149a707c6b752d9c4a174d015ef66e10de6e607453f1be6ea9cb2de0b"
"technical-release","WAP-189_101-PushOTA","WAP-189_101-PushOTA-20010926-a.pdf","https://www.openmobilealliance.org/tech/affiliates/wap/WAP-189_101-PushOTA-20010926-a.pdf",30445,"045089e802ad5bd83fbd3fdeab72ef60bbbeb96ba17a4d84295f62420378e4dc"
"technical-release","WAP-189-PushOTA","WAP-189-PushOTA-20000217-a.pdf","https://www.openmobilealliance.org/tech/affiliates/wap/WAP-189-PushOTA-20000217-a.pdf",121487,"283bf534dd678225082c20c7c22c03f7d045b4ba661958b593c033ddf00e9624"
"technical-release","WAP-190_101-WAESpec","WAP-190_101-WAESpec-20001213-a.pdf","https://www.openmobilealliance.org/tech/affiliates/wap/WAP-190_101-WAESpec-20001213-a.pdf",21716,"df5ad17ecc4aa407717dd61d42d0d4ff06878206684f64c66091b6f6d3e742c1"
"technical-release","WAP-190_102-WAESpec","WAP-190_102-WAESpec-20001213-a.pdf","https://www.openmobilealliance.org/tech/affiliates/wap/WAP-190_102-WAESpec-20001213-a.pdf",19343,"9fd9013b166c31d679f40c8a7f369998498cedd265da810919ae09640045b98e"
"technical-release","WAP-190_103-WAESpec","WAP-190_103-WAESpec-20001213-a.pdf","https://www.openmobilealliance.org/tech/affiliates/wap/WAP-190_103-WAESpec-20001213-a.pdf",19446,"743a22e09afb2e6277e750116b419e05221a2f032dab5186a26795643a218c52"
"technical-release","WAP-190_104-WAE-Spec","WAP-190_104-WAE-Spec-20010731-a.pdf","https://www.openmobilealliance.org/tech/affiliates/wap/WAP-190_104-WAE-Spec-20010731-a.pdf",80657,"3a8b6c8e10b0472cb47391f7093e0562de9a8d521e462d98fff28df191923ba2"
"technical-release","WAP-190-WAESpec","WAP-190-WAESpec-20000329-a.pdf","https://www.openmobilealliance.org/tech/affiliates/wap/WAP-190-WAESpec-20000329-a.pdf",147182,"92043389310057285b050afb8cb0a16c99f1651059be8ce61e1fab151c5c0182"
"technical-release","WAP-191_102-WML","WAP-191_102-WML-20001213-a.pdf","https://www.openmobilealliance.org/tech/affiliates/wap/WAP-191_102-WML-20001213-a.pdf",20185,"4900fd9f728a3f3d6d698b06398c29e2861f5fd774dd8478553aadedc9721011"
"technical-release","WAP-191_104-WML","WAP-191_104-WML-20010718-a.pdf","https://www.openmobilealliance.org/tech/affiliates/wap/WAP-191_104-WML-20010718-a.pdf",303180,"4c4a616f14204556045b9cbcebfdbc9a2408ae843e047b0730382abfbc8493f0"
"technical-release","WAP-191_105-WML","WAP-191_105-WML-20020212-a.pdf","https://www.openmobilealliance.org/tech/affiliates/wap/WAP-191_105-WML-20020212-a.pdf",47283,"3d803628d1cc67a6e08ce4e0d1f6e82f44651eb3a1bfa5160d7f98206bea4cc3"
"technical-release","WAP-191-WML","WAP-191-WML-20000219-a.pdf","https://www.openmobilealliance.org/tech/affiliates/wap/WAP-191-WML-20000219-a.pdf",543004,"4b1301be200bf7d06020f78f05ac2ae7056f00c30a741a62f73d9b6ab867ae9c"
"technical-release","WAP-192_105-WBXML","WAP-192_105-WBXML-20011015-a.pdf","https://www.openmobilealliance.org/tech/affiliates/wap/WAP-192_105-WBXML-20011015-a.pdf",42513,"e4c0bc05a51e27697d07a4d46f710b4daabdc7039950aa472b1d7de0e080ca98"
"technical-release","WAP-192-WBXML","WAP-192-WBXML-20010725-a.pdf","https://www.openmobilealliance.org/tech/affiliates/wap/WAP-192-WBXML-20010725-a.pdf",107898,"a6312060b4488680b1f56858b350bc97021c314fa315ca20e25a33521a4df92b"
"technical-release","WAP-193_101-WMLScript","WAP-193_101-WMLScript-20010928-a.pdf","https://www.openmobilealliance.org/tech/affiliates/wap/WAP-193_101-WMLScript-20010928-a.pdf",399416,"ea1535b36e49f80ac4ad80de3efe985c5af94068121afc4cfebe0528dd389ea0"
"technical-release","WAP-193-WMLScript","WAP-193-WMLScript-20001025-a.pdf","https://www.openmobilealliance.org/tech/affiliates/wap/WAP-193-WMLScript-20001025-a.pdf",395176,"7ace9baac33f0e648642ff539deaf234331adc95e1525e1c8f66ff88fb9c876a"
"technical-release","WAP-194_103-WMLScriptLibraries","WAP-194_103-WMLScriptLibraries-20020318-a.pdf","https://www.openmobilealliance.org/tech/affiliates/wap/WAP-194_103-WMLScriptLibraries-20020318-a.pdf",29777,"7716dbaf7289a1335e9c46a21d0ce209be711f9917f946ca88fab17f1e6a446c"
"technical-release","WAP-194-WMLScriptLibraries","WAP-194-WMLScriptLibraries-20000925-a.pdf","https://www.openmobilealliance.org/tech/affiliates/wap/WAP-194-WMLScriptLibraries-20000925-a.pdf",182952,"cf8ced8446a62fbc958a0beed5097aa3a0a41a864abcdfee86e7ad4f5c3d5680"
"technical-release","WAP-195_101-WAEOverview","WAP-195_101-WAEOverview-20010117-a.pdf","https://www.openmobilealliance.org/tech/affiliates/wap/WAP-195_101-WAEOverview-20010117-a.pdf",19633,"8d5b3e5e428e895e53577b0df2e89c2c5b288dc8d57acdc0eed30d2474186303"
"technical-release","WAP-195-WAEOverview","WAP-195-WAEOverview-20000329-a.pdf","https://www.openmobilealliance.org/tech/affiliates/wap/WAP-195-WAEOverview-20000329-a.pdf",193396,"ad7940d6589f4adf921442ef37325b9a33ca5467502e39f302e84b063c7639d2"
"technical-release","WAP-198_100-WIM","WAP-198_100-WIM-20000630-a.pdf","https://www.openmobilealliance.org/tech/affiliates/wap/WAP-198_100-WIM-20000630-a.pdf",62126,"a8b8822708e59aad9c145471fd022ca223c49a7729a3d8d9bc6db78f61b5c443"
"technical-release","WAP-198_101-WIM","WAP-198_101-WIM-20001031-a.pdf","https://www.openmobilealliance.org/tech/affiliates/wap/WAP-198_101-WIM-20001031-a.pdf",24227,"3e0d277aa48c0bc8cbf44ada2e3aca5411558c47130f02bfbdb438833a8c497e"
"technical-release","WAP-198_102-WIM","WAP-198_102-WIM-20001227-a.pdf","https://www.openmobilealliance.org/tech/affiliates/wap/WAP-198_102-WIM-20001227-a.pdf",78983,"56003b67835707fe2976f28b560083c59fabf2a248704ada4756b2c0f0fff63d"
"technical-release","WAP-198_103-WIM","WAP-198_103-WIM20010214-a.pdf","https://www.openmobilealliance.org/tech/affiliates/wap/WAP-198_103-WIM20010214-a.pdf",59243,"e5399976b1dbaf3aa1a2e8c1cfab0058b265fd37d5960f471133e6388cb8f52b"
"technical-release","WAP-198_105-WIM","WAP-198_105-WIM-20010723-a.pdf","https://www.openmobilealliance.org/tech/affiliates/wap/WAP-198_105-WIM-20010723-a.pdf",55440,"aee38df1ae1b0c6e3ed80cd48210d1f5f85e1cc27c8eb4947584eeffcbe72b46"
"technical-release","WAP-198-WIM","WAP-198-WIM-20000218-a.pdf","https://www.openmobilealliance.org/tech/affiliates/wap/WAP-198-WIM-20000218-a.pdf",270722,"366280ea21c7a3894d12e2329c0cfb76b9e97d9a0fead4e003ac52a9d2213e7a"
"technical-release","WAP-199_102-WTLS","WAP-199_102-WTLS-20010214-a.pdf","https://www.openmobilealliance.org/tech/affiliates/wap/WAP-199_102-WTLS-20010214-a.pdf",29276,"90e1d17bd0fa06baf046d595d97a6f4e5839019d59a7f6b8eef93a85a0b6e149"
"technical-release","WAP-199_103-WTLS","WAP-199_103-WTLS-20010730-a.pdf","https://www.openmobilealliance.org/tech/affiliates/wap/WAP-199_103-WTLS-20010730-a.pdf",55893,"69bda76a4384eafcfdcb0c1f2ee666c9f43372459431cd7ccbb2211ff0280300"
"technical-release","WAP-199_104-WTLS","WAP-199_104-WTLS-20010926-a.pdf","https://www.openmobilealliance.org/tech/affiliates/wap/WAP-199_104-WTLS-20010926-a.pdf",32109,"36da0b765918cce04c6f57c42973ef23f7985ba5d28865ab3cfaa76896a65cfc"
"technical-release","WAP-199_105-WTLS","WAP-199_105-WTLS-20011027-a.pdf","https://www.openmobilealliance.org/tech/affiliates/wap/WAP-199_105-WTLS-20011027-a.pdf",30731,"3ebd065b9c21363cd96d7b69d8bdf7d3498b0198965c263aa74787c533ba68c0"
"technical-release","WAP-199_106-WTLS","WAP-199_106-WTLS-20011027-a.pdf","https://www.openmobilealliance.org/tech/affiliates/wap/WAP-199_106-WTLS-20011027-a.pdf",31514,"5d68ab0d7387f0e6c9d1c5c4e33216148ced71ba7cc95121c8fd319b57f31cb9"
"technical-release","WAP-199-WTLS","WAP-199-WTLS-20000218-a.pdf","https://www.openmobilealliance.org/tech/affiliates/wap/WAP-199-WTLS-20000218-a.pdf",273967,"f15f2a243d6a1d7f89bc279679ca31a6b1599b2c490dcf12a0c02e4d30e6675c"
"technical-release","WAP-200_001-WDP","WAP-200_001-WDP-20001212-a.pdf","https://www.openmobilealliance.org/tech/affiliates/wap/WAP-200_001-WDP-20001212-a.pdf",107049,"c335aeb5038a0b8db025f99250ec3fe77cfe5facce0b7784345dc39cb9c2df35"
"technical-release","WAP-200_002-WDP","WAP-200_002-WDP-20001213-a.pdf","https://www.openmobilealliance.org/tech/affiliates/wap/WAP-200_002-WDP-20001213-a.pdf",50474,"d340608eedb73fd75058532b539aedc261cc6050aedacf3a8c8739ebda5c5132"
"technical-release","WAP-200_003-WDP","WAP-200_003-WDP-20010328-a.pdf","https://www.openmobilealliance.org/tech/affiliates/wap/WAP-200_003-WDP-20010328-a.pdf",63890,"4743542d4b9fbe0a517edc1709679430d6e9498b30e8d2ed7c199f88ce404586"
"technical-release","WAP-200_004-WDP","WAP-200_004-WDP-20010517-a.pdf","https://www.openmobilealliance.org/tech/affiliates/wap/WAP-200_004-WDP-20010517-a.pdf",75520,"36bf5d608c7bf1490326f1d531a72d1539a4fc88d32d4b4b8a6c9d6e06019498"
"technical-release","WAP-200_005-WDP","WAP-200_005-WDP-20010718-a.pdf","https://www.openmobilealliance.org/tech/affiliates/wap/WAP-200_005-WDP-20010718-a.pdf",236697,"2279c021d44f6b7e329ba68f4227031e4c325776234052beef78654b37bc34a7"
"technical-release","WAP-200-WDP","WAP-200-WDP-20000219-a.pdf","https://www.openmobilealliance.org/tech/affiliates/wap/WAP-200-WDP-20000219-a.pdf",630940,"e6279c8c3108ceeb8268b868211585fff7331feec5bda4ff90ce9be2df2d23b3"
"technical-release","WAP-201_001-WTP","WAP-201_001-WTP-20001212-a.pdf","https://www.openmobilealliance.org/tech/affiliates/wap/WAP-201_001-WTP-20001212-a.pdf",24471,"c630b409e1f8c9e4af5caba16095ffcd08bab08959d84c5afae76513a9f21b7d"
"technical-release","WAP-201_002-WTP","WAP-201_002-WTP-20001213-a.pdf","https://www.openmobilealliance.org/tech/affiliates/wap/WAP-201_002-WTP-20001213-a.pdf",38212,"b26e9f19c25c858e9b6a26f23445420b4d3750cd08ed2dfae2c5088ed18d8644"
"technical-release","WAP-201-WTP","WAP-201-WTP-20000219-a.pdf","https://www.openmobilealliance.org/tech/affiliates/wap/WAP-201-WTP-20000219-a.pdf",163767,"b035ceebfb5bfd2a7d6396ff8d604aaa878113dd0924c305e6fba3c92f186304"
"technical-release","WAP-202-WCMP","WAP-202-WCMP-20010624-a.pdf","https://www.openmobilealliance.org/tech/affiliates/wap/WAP-202-WCMP-20010624-a.pdf",137844,"231166eec1103a8729147db180efdefd894e4879205cef7891f55ac79f034fa9"
"technical-release","WAP-203_001-WSP","WAP-203_001-WSP-20000620-a.pdf","https://www.openmobilealliance.org/tech/affiliates/wap/WAP-203_001-WSP-20000620-a.pdf",15207,"12006aa09ed8770f8c1ec388c9341024f67b3661d85f294d4fdce00e9e6f2e45"
"technical-release","WAP-203_003-WSP","WAP-203_003-WSP-20001218-a.pdf","https://www.openmobilealliance.org/tech/affiliates/wap/WAP-203_003-WSP-20001218-a.pdf",104288,"235419958d5ff05e7d587b92f1dbbf858ac0ca9115b61cf7fabe9a8872680159"
"technical-release","WAP-203_005-WSP","WAP-203_005-WSP-20010717-a.pdf","https://www.openmobilealliance.org/tech/affiliates/wap/WAP-203_005-WSP-20010717-a.pdf",33612,"709fe4ca20f25a4b3ce52735e070758ae31607755b1fb74d44224d2b218088d8"
"technical-release","WAP-203-WSP","WAP-203-WSP-20000504-a.pdf","https://www.openmobilealliance.org/tech/affiliates/wap/WAP-203-WSP-20000504-a.pdf",397958,"fe6df3d2383abd46d1044cbd0dcd9cf216103346e3d88c5c7e66be21b52e5bd2"
"technical-release","WAP-204_103-WAPOverGSMUSSD","WAP-204_103-WAPOverGSMUSSD-20010813-a.pdf","https://www.openmobilealliance.org/tech/affiliates/wap/WAP-204_103-WAPOverGSMUSSD-20010813-a.pdf",40192,"74e1f248b03a1ca8710ef3e3ab04093e40fb21163097672949c0861490a2eee0"
"technical-release","WAP-204-WAPOverGSMUSSD","WAP-204-WAPOverGSMUSSD-20010730-a.pdf","https://www.openmobilealliance.org/tech/affiliates/wap/WAP-204-WAPOverGSMUSSD-20010730-a.pdf",142592,"71629ac6a2c9e9fa32a0b9cd940e26d872ca697866ce9b30d70f8950bffb69bb"
"technical-release","WAP-213_101-WAPInterPic","WAP-213_101-WAPInterPic-20011123-p.pdf","https://www.openmobilealliance.org/tech/affiliates/wap/WAP-213_101-WAPInterPic-20011123-p.pdf",43543,"1d5c69f4df11e723468223becd3b021e4f342c669b513e0dfa70a64f29232bcf"
"technical-release","WAP-227_100-PSTOR","WAP-227_100-PSTOR-20011109-p.pdf","https://www.openmobilealliance.org/tech/affiliates/wap/WAP-227_100-PSTOR-20011109-p.pdf",30817,"ac037583b5c7b125ae24464a340883980d5e696ba5ab659d5e4e902a37a45237"
"technical-release","WAP-231_100-EFI","WAP-231_100-EFI-20011018-a.pdf","https://www.openmobilealliance.org/tech/affiliates/wap/WAP-231_100-EFI-20011018-a.pdf",91936,"57f6864a9062ab83f46876c298e07f7b22feb438e48c7729fe3e2bbcaf22eaf3"
"associated-dtd","channel-1.2-dtd","channel12.dtd","https://www.openmobilealliance.org/tech/dtd/channel12.dtd",892,"00baa80d3be6a4558b3115ebb1d6b3a58eea9cfb6bba0fd1f4ad73b993cfc31d"
"associated-dtd","wml13-dtd","wml13.dtd","https://www.openmobilealliance.org/tech/dtd/wml13.dtd",9015,"764fe546974f15b40c1e49a0f3e954219e78f518c53a6d7d3956cab62be72dfb"
"associated-dtd","pap-1.0-dtd","pap_1.0.dtd","https://www.openmobilealliance.org/tech/dtd/pap_1.0.dtd",8080,"bfcec60e17f07ed87b772004dfe784cda2bd88aaf8f211c4eafc68b1cb7a319a"
"associated-dtd","service-indication-dtd","si.dtd","https://www.openmobilealliance.org/tech/dtd/si.dtd",1676,"f71e1c657b501a49ba98dde685d29fe2c88107031f01e7d14781a36a669cf50b"
"associated-dtd","service-loading-dtd","sl.dtd","https://www.openmobilealliance.org/tech/dtd/sl.dtd",1025,"8393b66f4f9c30163613b553b765504d3f92dadd1eaca9775265b33d15c4f972"
"associated-dtd","wta-wml-1.2-dtd","wta-wml12.dtd","https://www.openmobilealliance.org/tech/dtd/wta-wml12.dtd",539,"dccd67a26526098adfae881a7826a21be34d69bd66cccd005a265e71a292a84c"
"governing-document","WAP-215-ClassConform-20001213-a","WAP-215-ClassConform-20001213-a.pdf","https://www.wapforum.org/tech/documents/WAP-215-ClassConform-20001213-a.pdf",47936,"af578cd57a7e043b693e0b0dd5ef59b27f8e778e481831ec8737337ee8e44f9d"
"governing-document","WAP-221-CREQ-20010425-a","WAP-221-CREQ-20010425-a.pdf","https://www.openmobilealliance.org/tech/affiliates/wap/WAP-221-CREQ-20010425-a.pdf",38934,"d8713c9148db06d03365c361350eac8282f6b2f5ea6314ac80d728d57b8ac905"
"governing-document","WAP-273-CertPolicy-20010831-a","WAP-273-CertPolicy-20010831-a.pdf","https://www.openmobilealliance.org/tech/affiliates/wap/WAP-273-CertPolicy-20010831-a.pdf",110965,"61b220887a860b57268dd122075dcaec5435e8fe5d0816a9c4e815b54d342e92"
